zm_16chambres_fix2,
zm_an_droptop_redux_sac2,
zm_an_jailbreak_mini_csgo_v1,
zm_an_kapras_csgo_v1,
zm_base_day,
zm_beach_city,
zm_bestZM_fixx,
zm_black-gs_tower,
zm_blockcity_v2,
zm_br_swimsuits_r3,
zm_bullet_infected_fix2,
zm_bumfight_v2_csgo,
zm_camper_indian_csgo_refix,
zm_carpediem,
zm_catalyst_meow_v5,
zm_cbglc_b3_space_fixed,
zm_chicken_factory,
zm_continents,
zm_day_lego_v2_x1,
zm_degrad_v2,
zm_desert_fortress_csgo_v93xnet_re-lift_2,
zm_desperados_x2,
zm_domik_v_pustine_v93xnet_re-lift_2,
zm_downtown_fixed,
zm_druglab_go_rw2,
zm_dust2_bloodmoon_hdr,
zm_dust2_csgo_fix,
zm_dust_elegant_fixed,
zm_dusty_v1,
zm_fear_office_zn7,
zm_forgotten_dust,
zm_fubar_towers_csgo,
zm_fun_park_remix_x1,
zm_gethigh_420_v1_1,
zm_glass_world_v3,
zm_homebase_meow_v2,
zm_horror_tower_v93xnet_remake_fix,
zm_industrial_rampage_csgo,
zm_infected_castle,
zm_infected_school_v3,
zm_infernalist,
zm_ingame_reborn_v2_fix,
zm_italy_elegant_row_hdr,
zm_komplex_final_row,
zm_krusty_krab_a3_csgo,
zm_legendary_house_final_r2,
zm_lila_epic_rework_csgo_fix,
zm_lila_hacker_meow_v2,
zm_lila_hacker_rebuild_v2_2a,
zm_lila_panic_178_rework_refix,
zm_lila_panic_371_latins_fix_d,
zm_lila_panic_beach_zn7_x3,
zm_lila_panic_ose_csgo_fix,
zm_lynxmetal_v21,
zm_mario3_v3_finals,
zm_minecraft_v3_v93xnet_re-lift_4,
zm_minecraftvillage,
zm_miniature_room_csgo,
zm_mirage_13,
zm_mozilor_canal-prefinal_fix2,
zm_mozilor_cbble-prefinal_fix3,
zm_mozilor_industrie-prefinal_fix2,
zm_mozilor_manufacture-prefinal_fix2,
zm_muhosransk_reborn_v3_r2,
zm_neko_athletic_park_v2_p,
zm_neko_garden_aso_fix,
zm_nm_town_karp,
zm_nomercy_airport_sv,
zm_novum_go_v93xnet_light_2,
zm_nukepanic_beta,
zm_object_12_v2,
zm_parish_v2_dy01a_v93xnet_re-lift_hdrfix,
zm_pez_office_v1,
zm_playtime_v2,
zm_pokemon_pallet_town_a2,
zm_ragonat_v93xnet_re-lift_2,
zm_re2r_lab_a2,
zm_roadside_hotel_v1_3,
zm_roy_the_ship_remake-mozilor-prefinal_fix4,
zm_sandtower_v3,
zm_school_hdr_v5,
zm_sex_with_zombie_b1,
zm_siberia_v2_csgo,
zm_stab_town_final,
zm_stormy_days,
zm_supermario_frez_v93xnet_remake_by_Atsoft,
zm_supermercadochino_v7_2,
zm_survival_camp_v7,
zm_templeofdoom_zn,
zm_titan_dust_m11_v1,
zm_titanic_survival_2,
zm_tmo_arena_zn7,
zm_town_massacre_b2,
zm_toxa_west_v3_x1,
zm_toxic_house3_hdr,
zm_tx_highschool_zn7,
zm_unpanic_csgo_pf_v1,
zm_uprugiy_xep_v26,
zm_villa_lempiicka,
zm_westwood_final,
zm_winterfun_v93xnet_remake,
zm_xmen_mansion
